{"cameraMode":{"drawMode":0,"name":"Shaded","section":"Shading Mode"},"sceneLighting":false,"audioPlay":false,"sceneViewState":{"m_AlwaysRefresh":false,"showFog":true,"showSkybox":false,"showFlares":true,"showImageEffects":true,"showParticleSystems":true,"showVisualEffectGraphs":true,"m_FxEnabled":true},"in2DMode":false,"pivot":{"x":-0.4817380905151367,"y":0.9768691062927246,"z":-0.03849511966109276},"rotation":{"x":-0.13257238268852235,"y":-0.5793971419334412,"z":0.0974227711558342,"w":-0.7992972135543823},"size":0.7071067690849304,"orthographic":false}