{"cameraMode":{"drawMode":0,"name":"Shaded","section":"Shading Mode"},"sceneLighting":false,"audioPlay":false,"sceneViewState":{"m_AlwaysRefresh":false,"showFog":true,"showSkybox":false,"showFlares":true,"showImageEffects":true,"showParticleSystems":true,"showVisualEffectGraphs":true,"m_FxEnabled":true},"in2DMode":false,"pivot":{"x":-0.019693557173013688,"y":2.4657580852508547,"z":-0.5242170691490173},"rotation":{"x":-0.11600133776664734,"y":-0.4168628454208374,"z":0.05622699484229088,"w":-0.9008026719093323},"size":1.2251886129379273,"orthographic":false}