{"cameraMode":{"drawMode":0,"name":"Shaded","section":"Shading Mode"},"sceneLighting":false,"audioPlay":false,"sceneViewState":{"m_AlwaysRefresh":false,"showFog":true,"showSkybox":false,"showFlares":true,"showImageEffects":true,"showParticleSystems":true,"showVisualEffectGraphs":true,"m_FxEnabled":true},"in2DMode":false,"pivot":{"x":0.007842540740966797,"y":0.4224010109901428,"z":-0.0002917945384979248},"rotation":{"x":0.07317428290843964,"y":-0.12000575661659241,"z":0.008138756267726422,"w":0.9908267259597778},"size":1.1600958108901978,"orthographic":false}