{"cameraMode":{"drawMode":0,"name":"Shaded","section":"Shading Mode"},"sceneLighting":false,"audioPlay":false,"sceneViewState":{"m_AlwaysRefresh":false,"showFog":true,"showSkybox":false,"showFlares":true,"showImageEffects":true,"showParticleSystems":true,"showVisualEffectGraphs":true,"m_FxEnabled":true},"in2DMode":false,"pivot":{"x":0.14083679020404817,"y":1.5043998956680298,"z":1.2534394264221192},"rotation":{"x":-0.25430482625961306,"y":-0.4957188665866852,"z":0.15685530006885529,"w":-0.8165917992591858},"size":1.2467793226242066,"orthographic":false}